Month,avg_mape_for_ghi
2025-01,11.517648605063409
2025-02,16.43625350982223
